user_name,user_id,nickname,account_created,verified,bio_link,followers,following,heart,videos,diggs,recent_engagement,ad_engagement,non_ad_engagement,sponsored_vids_pct
soularty,6652451661401948166,Art for the Soul,2019-02-02 03:46:06,False,-,70700,149,1400000,162,0,0.04656483489154039,0.16040082615012738,0.07073252335645534,0.19594594594594594
ricardo.p1nto,6566533986121826310,Ricardo Pinto,2018-06-13 04:02:23,False,-,27400,633,187000,209,0,0.13076363636363636,0.12291564576057762,0.17546986522858066,0.6553398058252428
dripnas,29014327,Naseer Johnson,2016-01-12 12:06:10,False,-,244600,743,4800000,146,0,0.18463959385294904,0.13983113628935614,0.2071928086361319,0.0684931506849315
miyaevarenae,6623756337799806982,Miyaeva Renae ‚ô°,2018-11-23 02:21:27,False,https://beacons.page/miyaevarenae,4800000,164,142000000,475,0,0.17841850688816857,0.14178518745303237,0.19188052070060985,0.03375527426160337
linhbarbie,67563924000,‚ú® Linh Barbie ‚ú®,2017-08-28 21:27:24,True,https://www.youtube.com/channel/UCDZ3_SK5RJgMm05TvE4Npww,16200000,224,262400000,1070,0,0.14968362970904656,0.0802411081601833,0.121660821482414,0.0018796992481203006
gnb.official,6756606312682374149,GnB,2019-11-07 16:49:05,False,https://beacons.page/gnb.official,4800000,98,231000000,818,0,0.20137853781660583,0.1924900194819712,0.19843370412684033,0.006119951040391677
thisgirlsgonnaeat,6823716404942193670,Hadley,2020-05-06 13:10:25,False,-,58000,8,1300000,63,0,0.21965161015653684,0.2338178160350912,0.12948028864845001,0.047619047619047616
manu,119433197687279616,Manu,2016-07-18 12:56:48,True,https://www.instagram.com/manuxreis/?hl=en,13700000,117,221600000,1923,0,0.10740491197565746,0.0770611091487107,0.07794453489870536,0.0005268703898840885
hannahhennigar,6660986429113483270,Hannah Hennigar ,2019-02-23 00:30:37,False,http://shophannahhennigar.com,858000,199,33200000,346,0,0.2447440473899276,0.18166764189584553,0.18887807533813064,0.028985507246376812
joung2222,6710826900627964930,Ïß±ÏïÑ,2020-03-08 09:04:52,True,-,864200,51,8100000,424,0,0.09249159459896798,0.07300154212813682,0.06361162091178575,0.0023584905660377358
morganbcohen,6672511151757444102,Morgan Cohen,2019-03-26 01:54:51,False,-,947800,55,54900000,737,0,0.13430666603586128,0.11271749755620723,0.15904854186131606,0.005434782608695652
kimtrann27,6605397722692616198,Kim,2018-09-26 05:37:05,False,https://www.facebook.com/Aliemoon27,653600,188,6500000,912,0,0.08811113352158129,0.06747360757189662,0.06279985737282384,0.0021929824561403508
annivictoriaa,6646871541408759813,Anni Victoria üåª,2019-01-15 23:59:46,False,twitch.tv/annikaay,783300,140,4300000,860,0,0.08042818646693119,0.05641030358785649,0.07086266050502298,0.11985898942420682
firstdateguide,6598653836721307653,Ashley Rodriguez,2018-09-08 01:32:02,True,https://linktr.ee/Firstdateguide,1200000,599,22900000,2047,0,0.06360172555669152,0.17504253833065128,0.07992854242546672,0.003069053708439898
ejr.art,241397510852853760,erika‚Å∑,2017-06-19 18:19:26,False,https://ejrart.carrd.co/,199000,416,6500000,117,0,0.11987359482613483,0.06791439887568673,0.21192361351991296,0.017543859649122806
karragen,6652753722626719750,Karragen,2019-01-31 20:16:37,False,https://www.karragen.com,1100000,1492,67700000,1291,0,0.28048320812501637,0.2013473790449757,0.24969349201968133,0.005235602094240838
playboyquis,6766143419629159429,PLAYBOY QUIS ‚òÜ,2019-12-03 09:36:02,False,-,540100,27,10800000,218,0,0.17769821747481215,0.15288670199343932,0.17842094698426408,0.004830917874396135
mizushogun,6749548816032220166,üåäüåäMizuShogunüåäüåä,2019-11-03 17:37:02,False,https://linktr.ee/MizuShogun,765800,434,22500000,926,0,0.22019887862796833,0.2341889666529436,0.21145719408078079,0.009793253536452665
candice867,6532036972246990850,Candice Callins,2019-01-22 18:55:55,False,https://beacons.ai/candicecallins,74400,449,2600000,378,0,0.04841090714923518,0.07681408672282979,0.047845871517410786,0.7222222222222222
zhangarang,6806098435176350726,Jessica Zhang,2020-03-19 17:42:57,False,https://linktr.ee/jessicazhang,498200,259,13400000,92,0,0.1523086573486074,0.2321652964374039,0.1912606218779722,0.06593406593406594
drew_talbert,6809837990555698181,Drew Talbert,2020-03-30 03:33:57,False,www.linktr.ee/drewtalbert,747100,554,28000000,255,0,0.17833940582959643,0.14510928817147392,0.17943906628589054,0.03137254901960784
lexi.diy,6719470366123049989,Lexi Combs | DIYS,2019-07-30 14:59:37,False,https://beacons.page/lexidiy,1200000,1859,11500000,560,0,0.13417389051032114,0.1321560448415614,0.1138489058257682,0.030357142857142857
glowwithava,6754158676225868805,AVA,2019-11-01 02:26:30,True,https://linktr.ee/glowwithava,1100000,74,39500000,1103,0,0.1196767735681348,0.08303071603442619,0.130853158886294,0.006346328195829556
official_just_slurp,6715845505726923781,‚úîHoLd My sLuRp„ÉÑ,2019-07-20 12:32:46,False,https://discord.gg/xR8zDJrK,10500,6111,153100,222,0,0.08004235044997353,0.0985941967424285,0.07903639192495658,0.28378378378378377
alexojeda,6607756331535958022,Alex Ojeda üá≤üáΩ,2018-10-25 03:09:02,True,https://www.instagram.com/p/CNh4uUeB__A/?igshid=o0kr9t9gt4m6,6400000,2064,225400000,634,0,0.1462692839936446,0.015884466539400365,0.15481962304332542,0.011513157894736841
eyeinspired,6742487636563706885,Kelly Edelman,2019-09-30 15:36:48,False,https://www.icanvas.com/canvas-art-prints/artist/kelly-edelman?product=canvas&sort=popular,4500000,48,119600000,515,0,0.09089246551661859,0.07677421583529087,0.1340439556809899,0.00390625
lana.timon,6710108787972588549,–¢–≤–æ—è –õ–∞–Ω–æ—á–∫–∞‚ô•Ô∏è,2019-07-05 09:33:50,True,https://bit.ly/3cgTotg,3400000,323,28900000,1348,0,0.02464985482869264,0.11929510301400012,0.059892655580164336,0.0022222222222222222
nita_shilimkar,6568318460802908166,Nita Shilimkar,2018-06-18 00:40:34,True,http://bit.ly/Suprise_ig,7900000,55,304300000,1822,0,0.0864731276684376,0.10273900399854598,0.10091096866380583,0.0005640157924421884
lenna.vivas,6552974886321525775,Lenna Vivas,2018-05-07 14:50:20,True,https://bit.ly/3xGG22r,4800000,635,176500000,1226,0,0.15534119099192856,0.14969157769869515,0.13451128313511396,0.0008019246190858059
down4soundshop,6811305793846346758,üîµTEAM.DOWN4SOUNDSHOPüá∫üá∏,2020-04-03 02:37:24,False,https://linktr.ee/Down4soundshop.com,141800,1254,1200000,327,0,0.04837861690280975,0.09071006931228713,0.07269807711938622,0.14067278287461774
selcav,6678759209569485829,ella,2019-04-11 22:00:05,False,https://linktr.ee/elcavellier,568700,159,18000000,177,0,0.27326207104373423,0.3207794015309673,0.27683961124402834,0.012195121951219513
mariacastellanos_ri,6764035555557016581,mariacastellanos_ri,2019-11-27 20:05:33,False,https://beacons.page/mariacastellanos_ri,309200,224,3800000,113,0,0.031199097015747166,0.03155550988250608,0.12467489915787984,0.04424778761061947
chris,6747459471943418885,Chris Olsen,2019-10-14 01:12:27,True,https://chrisandianmerch.com/,5700000,366,383500000,1124,0,0.21605221071279188,0.11944487484305293,0.200377434064924,0.0027598896044158236
thatloperlady,6780468527730426885,ThatLoperLady,2020-01-11 00:05:11,True,www.blendedandwinning.com,3400000,654,45800000,421,0,0.1342427474257365,0.12484150097074379,0.13678843593865214,0.04047619047619048
yoeslan,6726528294055691270,yoeslanalfaro,2020-02-20 01:15:16,True,https://youtu.be/ED5KOR3EXwA,15100000,58,196100000,425,0,0.06343784662540325,0.07682919291980703,0.07437907634928811,0.004705882352941176
belexieshoppe,6797923784872608774,Belexie Shoppe‚ú®,2020-02-27 00:59:57,False,https://linktr.ee/belexieshoppe,891200,117,14600000,88,0,0.23586834085090821,0.19424467558197128,0.22057993620238173,0.011363636363636364
minuteearth,6820822878721508358,MinuteEarth,2020-04-28 18:01:07,True,https://patreon.com/MinuteEarth,986900,60,17500000,240,0,0.1821902826692703,0.16409193964506294,0.17010838019768174,0.03333333333333333
mattheperson,6675351009679737861,Matt Taylor,2019-04-02 17:39:57,False,https://apps.apple.com/us/app/honk/id1458452703,4900000,589,435000000,1618,0,0.3203890579042377,0.13953822913711267,0.2850933851605499,0.0037359900373599006
the.mcfarlands,6608229249361854469,The McFarlands,2019-01-16 23:12:31,True,https://youtu.be/XWvRtnWmu18,2500000,489,56500000,499,0,0.14298385825106055,0.0898511685502453,0.09588214702781858,0.1710261569416499
krysmay,6643598030988787718,ü¶ã Krysten Mayers üåª,2019-01-07 04:08:03,True,https://beacons.ai/krysmay,4200000,556,138400000,301,0,0.15731337207150523,0.11568301605076521,0.18519653516098997,0.036544850498338874
thebarbersson,55699627584274432,the_barbers_son,2016-01-24 16:02:21,False,-,476600,0,6900000,157,0,0.1600975854824468,0.005951231881687007,0.02799299766735443,0.025477707006369428
tybottofficial,6548144345043419142,TyBott,2018-12-01 19:01:55,True,https://youtu.be/HIKC_BPvizo,2600000,366,151300000,1462,0,0.1982002549023992,0.13892770913222555,0.19583020724389766,0.0021291696238466998
ethanchlebowski,6749516481257751557,Ethan C,2019-10-19 14:32:00,False,https://youtu.be/_aUB9ELjQLo,256000,4,6800000,272,0,0.13467833622183709,0.1720526415451619,0.12673778742903413,0.003676470588235294
jimijackson,6698575961959138310,Jimi Jackson,2019-09-24 09:27:25,True,https://linktr.ee/jimijackson,1300000,168,37800000,263,0,0.18251775034616857,0.16628133876744472,0.18080377155360514,0.011450381679389313
livvontheedge,6783118560999982086,OLIVIA SNAKE,2020-01-19 23:20:37,False,https://linktr.ee/livvontheedge,1200000,294,39900000,519,0,0.18482669325288412,0.15169906106094133,0.181521876961651,0.005780346820809248
nissalynninteriors,6673334099057738758,Nissa-Lynn Interiors,2019-03-27 23:08:11,False,https://www.liketoknow.it/nissalynninteriors,47400,92,462800,61,0,0.02767222506811017,0.0194268255675886,0.056115412753647315,0.06557377049180328
reitergrace,225574501340561408,Grace Reiter üëÅüëÑüëÅ,2017-05-07 10:24:27,False,https://blacklivesmatters.carrd.co/,1600000,417,121600000,2204,0,0.2798637224503258,0.2537563850687623,0.23986210336898278,0.0031963470319634705
traziarae,6554380642917957633,Trazia Rae,2019-08-18 02:54:22,False,Traziarae.com,995100,129,30700000,645,0,0.1374269810494715,0.1271003206596427,0.15545051968791926,0.015503875968992248
raulbeixx,6733729114870006790,Alex Galorneau,2019-09-07 01:09:54,False,raulbeixx.com,2200000,90,81800000,1021,0,0.19263430682564156,0.1449724277067922,0.23873366863722523,0.0019588638589618022
ninadrama,6663802623109873670,Nina Marie Daniele,2019-03-02 14:39:12,True,-,2900000,122,65200000,573,0,0.08743777911648586,0.08389215110589156,0.12121483977147125,0.006593406593406593
jazlmao,6641046983087095814,jazzi manalo sullivan,2018-12-31 07:06:29,False,https://linktr.ee/Jazlmao,143700,933,5600000,406,0,0.14708424768049885,0.15940232868293872,0.17024438358312113,0.034739454094292806
adampukeonhaters,132672767635857408,Adam Puke,2016-08-24 01:46:08,False,https://direct.me/adampukeonhaters,1700000,2115,41300000,503,0,0.12137638568558887,0.12073691621685051,0.17073091485478697,0.0019880715705765406
invasian_,6780172004555359237,invasian_,2020-01-10 04:58:23,False,https://linktr.ee/invasian_,385000,144,5400000,200,0,0.15160845361840486,0.22088322009998718,0.15613704122062233,0.01
french_friar,6579403097516032006,FrenchFriar_cosplay,2019-03-03 04:49:40,False,https://www.amazon.com/hz/wishlist/ls/1A71YZPXRKEIO?ref_=wl_share,1900000,941,47200000,1092,0,0.23866831460674157,0.17162442183163737,0.12762917596753096,0.0018779342723004694
johnnytuivasa,6718492959380554757, JohnnyTuivasa-Sheck,2019-09-07 02:52:55,True,-,1100000,76,10900000,93,0,0.18539995091090328,0.11822679087696755,0.15042262277252344,0.043010752688172046
cluelessbushcraft,6657151131805171717,Tom,2019-02-12 16:37:40,False,https://beacons.page/cluelessbushcraft,2100000,1399,36100000,820,0,0.15643234150149568,0.1413596238263058,0.13305160717179887,0.003663003663003663
braydenpoloskey,6619469902032158725,BraydenPoloskey,2018-11-03 03:40:42,False,https://beacons.ai/braydenpoloskey,495800,147,18500000,811,0,0.18596572819229673,0.12171723530152335,0.1827504783773553,0.0036991368680641184
slickbartender,6754788759081010181,SlickBartender,2019-11-02 19:13:38,True,https://www.youtube.com/c/SlickBartenderShorts,8600000,39,122800000,282,0,0.09221492167574179,0.121709,0.09854425595123366,0.0035460992907801418
daveed_chet,6644264661364228101,Chet,2019-01-31 00:10:19,False,https://beacons.page/daveed_chet,1300000,1102,42400000,351,0,0.18811997535355907,0.2083249299719888,0.2009715322833366,0.0028735632183908046
itsa_meme_mario_,6793422742919201798,Taylor,2020-02-14 21:53:00,False,https://linktr.ee/Itsamememario,1100000,921,60100000,1533,0,0.13199190177638453,0.1279482477587612,0.1318635594629533,0.0013227513227513227
grantham_,6685062693504254981,Grant Fouts,2019-04-28 21:42:55,False,https://podcasts.apple.com/us/podcast/peanut-butter-and-cheese/id1566257734,4895,117,446000,25,0,0.1487402696606424,0.19075458963282937,0.13528644732141162,0.04
kaileymaurer,13458115,Kailey Maurer,2015-10-22 07:51:36,True,https://youtu.be/lzCyM26F03E,2900000,100,47900000,745,0,0.12868544600938966,0.09117222244086741,0.15480775548122663,0.017711171662125342
willywonkatiktok,6819512265776923654,Duke Depp,2020-04-25 05:13:01,True,https://linktr.ee/willywonkatiktok,18700000,217,479800000,576,0,0.19997233628701103,0.12885725141893656,0.16827536960363335,0.008680555555555556
maudeleonn,6783358989956760582,Mau ‚òÄÔ∏è,2020-01-18 18:59:09,False,https://youtube.com/channel/UCrNgcWs68Swp1K-FIENOlXA,405500,253,8400000,678,0,0.11843594114386706,0.10604224703018887,0.11264849380490975,0.04142011834319527
yoga.classes,6873521299781567494,yoga,2020-09-17 18:15:06,False,lightinthebox.tv2h87.net/9WVYnW,513000,1,1900000,129,0,0.06325638771144736,0.044675714285714284,0.04649506605769643,0.007751937984496124
mrhamilton,6720067487428396038,Casey Hamilton,2019-08-01 05:35:47,True,https://beacons.page/mrhamilton,5700000,2807,196600000,3517,0,0.18191536103131112,0.13678293576801903,0.16841741223074583,0.0051325919589392645
gehruld,6736923826645615622,gerald,2019-09-15 15:46:27,False,https://direct.me/gehruld,460200,330,26500000,371,0,0.2903558015418067,0.36345733333333335,0.34180030995455846,0.002890173410404624
beyondthuhgamer,6707461032934310917,Jack,2020-01-06 04:48:32,False,http://hrz.io/BeyonThuhGamer-ROCO,513500,83,12400000,131,0,0.1540180504168052,0.20205243445692883,0.14064210789825074,0.015267175572519083
roryeliza,129537490952200192,ùöÅùöòùöõùö¢ùöéùöïùöíùö£ùöä ‚ôõ,2016-08-15 10:07:40,True,https://youtube.com/c/RoryEliza,4800000,73,162900000,1961,0,0.17586728535527646,0.19556471541421916,0.2034090764436868,0.00720164609053498
paigemackenzie,154445879201005568,Paige Mackenzie ,2016-10-23 03:44:42,True,-,7800000,219,435900000,2525,0,0.2122237842412,0.2481308425800209,0.2008340454417538,0.0036072144288577155
sarashabangarcia,6612062732139528197,Sara Shaban,2018-10-14 04:36:51,True,-,809100,59,11200000,82,0,0.11381256416370827,0.0691932866536584,0.09843488393999002,0.05128205128205128
kalaniballfree,8019437,KalaniBallfree,2015-08-30 22:44:00,True,https://linktr.ee/Bestappz,4900000,805,80000000,1820,0,0.07762603229384937,0.13272668112798264,0.12538890989606188,0.0016882386043894203
mxmtoon,845202,maia,2015-06-23 06:11:48,True,https://mxmtoon.ffm.to/creep,2500000,273,109300000,736,0,0.2886599101988454,0.12472875863040721,0.23456408852687324,0.0014064697609001407
thegoldenbalance,6682112346221167621,Ahmad Alzahabi,2019-10-15 00:59:24,True,https://www.twitch.tv/thegoldenbalance,3700000,1382,82800000,1040,0,0.14570448337023084,0.1431933620610617,0.13245984284510012,0.01348747591522158
nmillz1,6622729350369312774,Hi,2019-06-24 02:56:12,True,-,4100000,338,538900000,1705,0,0.29903751152087027,0.2931716611813615,0.25867558390898315,0.000625
zacharyyryann,28949363,Zachary Ryan,2016-01-12 07:13:51,True,https://youtube.com/playlist?list=PL4Ap3Dru27h_MkSmdgu7KYo-6U3H0upGw,2900000,54,85400000,170,0,0.12285064724364612,0.21913011347280048,0.22488658918809395,0.02976190476190476
sohail_d,6546046666602976256,Iamsohail,2018-04-19 06:46:23,True,https://instagram.com/iamsohail?igshid=111bij0buf52e,10300000,83,322400000,1497,0,0.09763140581797103,0.07968571428571429,0.0998533530661194,0.000687757909215956
sophiablairr,6732213446345016325,Sophia Blair,2019-10-19 23:40:09,False,https://beacons.page/sophiablairr,2400000,438,50000000,289,0,0.17096524955348982,0.17183890241203806,0.1776895973007548,0.0035335689045936395
salah,6807905989192401926,Salah Brooks,2020-03-24 23:03:36,True,https://www.patreon.com/coolbuscast,4700000,259,187100000,567,0,0.13858431889629141,0.1580890909090909,0.19250191714818865,0.0017761989342806395
joysdoodles,6645452020034486277,joysdoodles,2019-01-31 18:12:38,False,-,144400,145,3000000,184,0,0.09537766393413814,0.17795600602076525,0.1213935114102009,0.15730337078651685
whatangiesays,6646883420721496069,Whatangiesays ,2019-01-16 00:43:55,False,-,6133,39,116300,135,0,0.09192344004806455,0.15178768843418303,0.1003774225011662,0.6209677419354839
lego_happy_life,6847702772319060998,Jordon Geraldine,2020-07-21 16:59:18,False,-,452200,43,3800000,304,0,0.08745186439833612,0.09240950235787378,0.08809239794439011,0.14144736842105263
niasioux,53093247253770240,NiaSioux,2016-01-17 11:25:32,True,-,7400000,601,151800000,547,0,0.1502454349256884,0.1602888829604787,0.1806755320140314,0.014842300556586271
brooklynandbailey,62844455736623105,Brooklyn and Bailey,2016-02-13 09:13:21,True,https://brooklynandbaileyshop.com/collections/mascara/products/lash-next-door-mascara,6000000,221,189000000,532,0,0.17726926782946278,0.11710642685301867,0.20353953021982304,0.009487666034155597
rclbeauty101,6690627070252549125,rclbeauty101,2019-05-30 20:01:47,True,Rclocosmetics.com,1600000,68,47000000,137,0,0.25322973173681496,0.034578364779874214,0.2246846006687724,0.014598540145985401
jadendunn,6544151354742112262,Jaden Dunn,2019-04-03 05:00:28,False,https://direct.me/jadendunn,2300000,617,102400000,854,0,0.23226468642103842,0.25515415549597853,0.23393124807743423,0.001177856301531213
208skindoc,6658837318265208837,Dr Dustin Portela,2019-02-17 05:41:57,True,https://taplink.cc/208skindoc,1300000,813,27700000,898,0,0.11951342897190707,0.10842347818711301,0.10188867627247228,0.017977528089887642
favela_jason,6726720331724162054,Jason Favela,2019-08-19 23:08:46,False,https://thecoldestwater.com/?ref=jasonfavela,294800,24,5200000,256,0,0.06044769595197489,0.12687834316280347,0.11055830072001645,0.0078125
alexkay,168886527542931456,Alex Kawaguchi,2016-12-01 16:07:24,True,-,2500000,462,74900000,682,0,0.2678225879647838,0.16013295676732567,0.17592269146835782,0.0125
meghanandjack,6870559914805183494,üåªMeg and Jacküåª,2020-09-09 10:43:10,False,https://beacons.page/meghanandjack,2900000,67,92900000,153,0,0.19775985552825198,0.13271354335823318,0.1945228738544024,0.006535947712418301
sammielewiss,144081658122694656,Sammie üêò,2016-09-24 13:21:17,True,youtube.com/c/sammielewis,2800000,1643,103200000,1293,0,0.12281783395399219,0.286969605545112,0.19801689766829236,0.005654281098546042
celinaspookyboo,248744033697562624,Celinaspookyboo,2017-07-10 08:51:54,True,https://beacons.page/celinaspookyboo,18500000,5366,565300000,1102,0,0.2039536011904762,0.12609827018996073,0.1805486898766532,0.0027272727272727275
jaidahh_,6720349854135075846,Jaidahh_,2019-10-04 02:53:05,False,https://www.hergivenhair.com/spice-up-your-life-unit-p-424/?tt=tiktokjaidahh3,474900,1897,12000000,823,0,0.12189319159706404,0.26599333134912934,0.20535495352880367,0.030599755201958383
danispeaks,6633069693904322565,danispeaks,2019-05-19 14:08:19,True,https://gauthmath.onelink.me/SUq5/73ebb65b,1500000,1,76100000,759,0,0.19295781342840165,0.14843926043048858,0.19890503306308951,0.033288948069241014
justmaiko,3777553,Michael Le,2015-07-21 12:31:07,True,https://linktr.ee/justmaiko,48600000,100,1300000000,1166,0,0.12683859681308313,0.0615647970819209,0.1402999508765792,0.012875536480686695
xo.phiee,21401120,Xophie,2015-12-13 20:02:48,False,https://prequel.onelink.me/wyrH/xophiee,4300000,2676,110800000,1391,0,0.15112640047184311,0.06278442736550334,0.1374551229591134,0.0014566642388929353
jdrou,25522948,James Drou,2015-12-30 13:15:05,False,https://linktr.ee/jdrou,2800000,1188,52100000,1980,0,0.04711986989381039,0.09417356671208468,0.07832417751639102,0.0020876826722338203
cheekyboyos,6625415756434046982,the cheeky boyos,2018-11-19 04:20:27,True,https://youtu.be/RhhodOezpIM,9600000,804,266400000,191,0,0.16896153522745322,0.14052607843137255,0.1611409591883768,0.02617801047120419
yun_bao,6524148042672046082,Ïú†ÎãàÍ∞± YUN,2018-02-19 06:33:37,True,www.unitropero.com,4500000,30,60600000,200,0,0.20378541510152415,0.11795038598317287,0.1513588562225961,0.010309278350515464
charliecrafty,6630087379624198149,CraftyDIY,2018-12-01 19:36:03,False,-,8432,70,139100,115,0,0.12315787310135037,0.10428999105996725,0.14257873437182067,0.6041666666666666
rocketleagueclipsz,6879054376196424706,RL,2020-10-02 16:06:45,False,-,227400,1,5000000,128,0,0.12549453664396737,0.16094537069882936,0.1436436291576339,0.0625
adamselihi,189588616577380353,Adam Selihi,2017-01-27 19:09:24,False,https://www.facebook.com/adam.selihi.9,532200,96,4100000,160,0,0.06630795245436913,0.08475480937390696,0.07030417995409746,0.0125
nicktangorra,23409017,nicktangorra,2015-12-23 11:38:25,True,Instagram.com/nicktangorra,1200000,329,15500000,328,0,0.033033135183940285,0.06415344106189583,0.11078304325178524,0.009316770186335404
humphreytalks,6717679036162425862,Humphrey Yang,2019-11-10 17:25:41,True,Solo.to/humphrey,2200000,257,30800000,481,0,0.1167997800624009,0.07844391550133889,0.10599017821718852,0.017094017094017096
ian_haueter,20219616,Ian HaueterüíØü§òüèΩ,2015-12-08 10:39:21,True,https://youtu.be/pWytP9km4bw,1300000,2795,20500000,330,0,0.22870646403835715,0.20664079229122057,0.20417342690556683,0.0061162079510703364
ourfire,3792541,OurFire,2015-11-25 09:35:36,True,https://youtu.be/wzUCQPHDgnQ,5800000,515,229100000,1101,0,0.09497483295971931,0.063118930273425,0.17169205138264726,0.007339449541284404
kessyemely,69579458562646016,ü¶ãKessy&Melyü¶ã,2016-03-02 23:15:51,True,https://youtu.be/KOaC6IpuHgM,6400000,43,248600000,2293,0,0.18230796406581204,0.13065142419210626,0.21951500841509658,0.001329198050509526
nukafight,6618381237659090950,Evan ü§†,2018-11-11 22:19:12,False,https://nukafight.tv,514800,371,21700000,521,0,0.22230136450608232,0.2937531971825444,0.29999261189570664,0.025048169556840076
buildandcreatehome,6659166321215143942,buildandcreatehome,2019-02-18 03:00:18,False,https://linktr.ee/Buildandcreatehome,1400000,75,16600000,192,0,0.09908181205243254,0.08002562217320588,0.11162943618962945,0.06451612903225806
mposadajr,6731593293556614150,Miguel Jr.,2019-08-31 23:02:53,False,-,4821,386,825400,100,0,0.11525996414287684,0.17426140477914553,0.18525868431047035,0.010752688172043012
dmntd,6694329873890051078,Michigan,2019-05-23 21:00:21,False,https://techmatte.com/MGS-VTMG,985200,276,9500000,705,0,0.14196369828553737,0.13006425160864118,0.11830137506827601,0.007132667617689016
joshua_cubed,6556326250007237647,„ÄêJoshua¬≥„Äë,2018-05-16 23:34:20,True,https://linktr.ee/Joshua_cubed,1400000,815,34400000,1112,0,0.1734565491068985,0.21817684869276735,0.1593309136499941,0.0279027902790279
nerfers101,6738872490476569606,Nerfers101,2019-09-20 21:49:51,False,https://linktr.ee/Nerfers101,1800000,102,38900000,474,0,0.12861195158850228,0.116355199209204,0.13205460439006056,0.027426160337552744
mmmjoemele,6656544744476524550,Joe Mele,2019-02-11 01:33:29,True,https://linktr.ee/Mmmjoemele,13100000,29,523300000,532,0,0.17425738141217562,0.11968794788273615,0.2091471007650611,0.015065913370998116
jessbaio,20077839,Jessica Baio,2015-12-07 14:01:14,False,https://smarturl.it/streamifinever,1800000,278,52400000,585,0,0.20774548393898926,0.15690287045863785,0.17570782095784274,0.005145797598627788
jessbelkin,19178387,Jessica Belkin,2015-12-04 08:08:41,True,-,2400000,2324,43600000,493,0,0.1733066305469989,0.12929011689691816,0.1749578481025147,0.006134969325153374
fattiemcbaddie,6573391,Sione,2015-08-18 19:10:36,True,https://youtu.be/l1_5Cmh1Fxo,3100000,308,45100000,145,10500,0.130671324889862,0.058378926038500506,0.12543020014613193,0.02112676056338028
amayra_thakur_16k_2,6556849851304493062,‚ô•Ô∏èShizuka‚ô•Ô∏è,2018-05-18 09:48:00,False,-,83700,18,610600,261,0,0.06887947941280641,0.15519322999101257,0.08283736043886429,0.10038610038610038
axs1,6669226618864533510,AXS-1,2019-03-17 05:34:00,False,https://linktr.ee/axs1,964100,69,25200000,390,0,0.23879688868407456,0.25306004797629733,0.2048448130751331,0.16666666666666666
calegoes,6631283951439478790,Cale saurage ,2018-12-04 23:55:36,True,https://fanjoy.co/collections/cale-saurage,4900000,820,80800000,189,0,0.1129843156872554,0.1084209090909091,0.12016816318782153,0.005405405405405406
bunny.nyc,6645544854775283717,bunny.nyc | Miffy,2019-01-12 09:58:36,False,-,333700,108,4700000,132,0,0.13386298035823838,0.2073375746112844,0.16217923923385597,0.3178294573643411
coffeebae97,6613775241585917958,Vivian,2019-07-12 00:55:47,True,https://coffeebaecoffeeworld.com/2021/06/03/brutal/,875700,210,22200000,262,0,0.11513206285523236,0.18373605839416057,0.18012070272896782,0.0234375
iamsofiabella,6621735331879354369,Sofia Bella,2019-11-25 03:19:41,False,https://youtu.be/wnm3r6qiOwQ,2700000,542,80900000,431,0,0.1948499588415775,0.14664540186575892,0.17732040242009334,0.018957345971563982
thatboycollins,26790361,Collins O,2016-01-04 03:58:45,True,https://www.instagram.com/thatboycollins_/?hl=en,4600000,1848,156400000,813,0,0.24277468699024513,0.15163515724413743,0.2641116036541241,0.006265664160401002
huyentxo,6811964928984105990,huyen tran,2020-04-04 21:06:07,False,https://beacons.page/huyentxo,1200000,121,25800000,467,0,0.19111668631082673,0.19568594751162996,0.19921606880894652,0.006423982869379015
c0coconut,6756464725524382725,Hi ü§é,2019-11-25 00:01:16,False,https://linktr.ee/C0coconut,172300,529,19000000,260,0,0.2927631134710414,0.16248661383593918,0.297484438727507,0.010752688172043012
sisteryell,75398519921,ÏòêÏñ∏Îãà,2017-11-11 15:09:45,True,http://bit.ly/sisteryellMD,10800000,24,237500000,895,4634,0.14961842546063653,0.06560291163943534,0.10062952774175228,0.013636363636363636
jthealchemis,101665508084662272,Joel Verdico,2016-05-30 12:14:21,False,-,872600,32,12400000,150,0,0.14252271766694843,0.16032167832167832,0.1569630749167989,0.006666666666666667
neetubisht,180450961470111745,Neetu Bisht,2017-01-02 21:59:37,True,https://instagram.com/iam_neetubisht_,6800000,13,185000000,1726,0,0.08938645220433819,0.111938,0.10578678650622252,0.0005998800239952009
jake.pnw,6573473743640297477,Jacob Colvin,2019-01-27 23:08:26,True,https://youtu.be/w2rNjMFzOq8,9400000,5851,235200000,857,8155,0.1230926555398541,0.17892153089229534,0.14641839432320256,0.011764705882352941
heresyourmonkeycontent,6658113054100652038,Georgie Boy,2019-02-15 07:19:00,False,flow.page/heresyourmonkeycontent,17600000,361,201100000,587,1571,0.11615473274744273,0.12278533093111366,0.12032257721027546,0.05172413793103448
yayayayoung,6547177744919172096,yayayayoung,2018-04-22 07:53:28,True,beacons.page/yayayayoung,1600000,114,54400000,409,0,0.0868481427923942,0.032588300272195087,0.19169263939574535,0.0392156862745098
kaydlutz,6893177050837517313,Kayden Lutz,2020-11-09 17:31:56,False,-,78600,5062,1200000,199,0,0.12440961410628695,0.18440153846153845,0.1453372865130979,0.005025125628140704
alexcortex,213174022254264320,ALEXü§¥,2017-04-03 05:09:50,True,-,5200000,232,91600000,677,0,0.1990943791412604,0.2476410934744268,0.14648735595856155,0.0014792899408284023
chrisellelim,6746672438799385606,Chriselle Lim ,2019-10-13 23:01:16,True,http://liketk.it/38Y7x,2600000,380,87200000,637,0,0.19377208260761383,0.13000352275887642,0.1785051464363382,0.0141287284144427
nico_bisesi,6631304693312372742,NicoMagic,2018-12-05 01:11:39,True,https://youtu.be/GpHq-kM68jE,3700000,999,46000000,362,0,0.16679682854311198,0.09079572855666553,0.15309309435991755,0.0111731843575419
johndenim,6534672,Koalipops,2015-08-18 02:13:25,False,https://linktr.ee/koalipops,108800,17,2700000,267,0,0.20623834570888167,0.09278672530033376,0.15435625597496547,0.08646616541353383
stanley.mov,6613542795318067205,Stanley,2018-10-18 04:22:08,False,https://solo.to/stanley,307300,175,8400000,799,0,0.23902151112922812,0.1217976964176621,0.13881432754878453,0.008771929824561403
accelbyzantine,6617455288029020161,accelbyzantine,2019-09-16 03:19:46,False,https://youtu.be/_dEEcod5m-w,58800,24,430200,25,67600,0.17622648968383894,0.11126889655993334,0.2093343920222666,0.04
chanydakota,7461384,Chany Dakota üåà,2015-08-26 07:51:14,True,https://youtu.be/L6PM-maMib4,1600000,492,77600000,3017,0,0.18513239562159636,0.4027734976887519,0.19486013666995783,0.0005002501250625312
alexisanthony,3235156,Alexis,2015-12-26 00:18:15,False,https://bit.ly/3e4qhcm,145400,181,6000000,650,17900,0.11919608670511198,0.13769825611904113,0.13782088688639654,0.02627511591962906
sophiakiddbeatz,6733069852532081669,Sophia KiddBeatz,2019-09-05 06:31:54,True,theviibehouse.com,2700000,76,36300000,455,0,0.04067246732773373,0.09863873268413112,0.06869080690989714,0.01098901098901099
paulbutcher,88947830035243008,Paul Butcher,2016-04-25 09:58:50,True,Pearpop.com/@paulbutcher,976100,448,24000000,486,0,0.1364911345527999,0.15079002808988765,0.11715400175920981,0.004081632653061225
mikkzazon,6766063283448529925,Mik Zazon,2020-01-10 22:34:31,True,https://link.snipfeed.co/mikzazon,1200000,330,37200000,581,0,0.1467329674388226,0.052522221060336716,0.13938169563134972,0.0068846815834767644
savpalacio,6585702952642920449,sav,2018-08-04 04:45:00,True,https://youtube.com/c/SavannahPalacio,892300,160,17300000,450,0,0.10960187862392866,0.11863274248886223,0.1255774001045255,0.09887640449438202
allamericanfloor,6812779658829923334,All American Floor,2020-04-07 01:49:37,False,-,172700,620,3500000,104,0,0.06897561432687578,0.1187861094038107,0.08291057843032494,0.009615384615384616
thetrifectalove,6751504293267997701,The Trifecta,2019-11-02 21:12:18,False,TheTrifectaLove.com,3000000,24,61500000,284,0,0.10431378496245533,0.09203969754253308,0.10789704426185133,0.01056338028169014
aliciamccarvell,6730030668426576902,Alicia Mccarvell,2019-08-28 02:09:17,True,https://linktr.ee/aliciamccarvell,2300000,1682,98900000,1700,0,0.2069659733817498,0.09256416729782041,0.13599819916823266,0.0058927519151443725
thepalatablelife,6803843451337212934,thepalatablelife,2020-03-13 23:54:24,False,https://linktr.ee/thepalatablelife,304500,134,6800000,264,0,0.18457242620746492,0.06317829021372329,0.1483104752024678,0.04924242424242424
tan.dan.the.man69,6615055864654020614,emogirl.pantysniffer,2018-10-25 16:06:55,False,-,1500,141,266700,27,0,0.12451004678530211,0.12491394027944784,0.050241249904265914,0.10526315789473684
michaelmyersofdecatur,6816888440749294598,Sabrina Zimmerman,2020-04-18 03:33:11,False,https://etsy.me/3dTVK0m,1000000,323,11500000,57,0,0.16689449561696257,0.08243986254295532,0.15706841086972284,0.017543859649122806
johnfarnworth,6656799667550027782,John Farnworth ,2019-02-11 17:52:33,False,https://linktr.ee/johnfarnworth,264300,161,3500000,914,0,0.06471695579233941,0.02268712824864266,0.07003698628003988,0.0033333333333333335
erekasfood,6623408582019055621,Ereka Vetrini,2019-10-10 23:56:38,True,https://linktr.ee/Erekav,489800,201,9700000,263,0,0.1356107129282728,0.1205166270783848,0.14253493947400636,0.0076045627376425855
sierra_zagarri,6771584574092379141,Sierra,2019-12-18 01:35:28,False,https://linktr.ee/Sierra_Zagarri,916500,1987,23900000,1392,0,0.1566838752919712,0.11256432884347423,0.15147896334011918,0.03735632183908046
mrs.space.cadet,6698777809257120774,Mrs. Space Cadet,2019-06-04 20:44:19,False,https://direct.me/immrsspacecadet,483600,941,20600000,1018,0,0.14592839203317562,0.18495992305226033,0.17274733874058001,0.012807881773399015
hundo_grand,6625714189385367557,Hundo Grand Prod.‚Ñ¢Ô∏è,2018-11-19 23:42:00,False,https://m.twitch.tv/hundo_grand/home,757500,45,17700000,273,0,0.22454172792864724,0.22845973782771536,0.22656708475587417,0.007352941176470588
vhackerr,6605955119220490246,Vinnie,2018-09-27 17:34:33,True,twitch.tv/vinnie,7300000,3220,397200000,1693,0,0.2040448792170292,0.13380979166666668,0.16648755654800548,0.0013271400132714001
elis.stone,6775865442575336453,‚ú®–º–∏—Ä –≤ —Ç–≤–æ–∏—Ö –≥–ª–∞–∑–∞—Ö‚ú®,2019-12-29 14:23:35,False,https://instagram.com/elis.stone.pr,2400000,177,135600000,1188,0,0.1977346223970828,0.17363825363825364,0.17615355676025807,0.0008424599831508003
lilyachty,6569595380449902597,lilyachty,2019-01-31 03:40:00,True,Crete.co,6900000,52,155500000,175,0,0.20087584950558943,0.14695724412937528,0.20751748458926111,0.00625
jakemaldonado,13160811,Jake Maldonado ,2015-10-19 09:18:17,True,https://ply.la/gyfc1c,6100000,638,297500000,949,0,0.16620203575022158,0.19344558298033462,0.1768518022771299,0.002127659574468085
quackofficial,6604421893679087621,THE KING OF BLING,2018-09-24 14:14:06,False,https://linktr.ee/QUACKOFFICIAL,587400,7945,6900000,292,0,0.06401692708333333,0.12953460207612458,0.11473561709842085,0.0034482758620689655
sydney1227,59285138345328640,Sydney üíúüíú,2016-02-03 13:29:53,True,-,1300000,149,18400000,223,0,0.17824286890768884,0.1852008032128514,0.38665117311023806,0.0228310502283105
vinamilkmyjoy15,6539395845481496578,Vinamilk #MYJOY,2019-07-10 01:55:49,True,http://vt.tiktok.com/J5VkdC/,29800,23,290500,12,0,0.01841737418587706,0.01763730860558044,0.05465263438353427,0.8333333333333334
jameshenry,7076306,James Henry ,2015-08-23 00:34:47,True,Www.Instagram.com/jameshenry,3400000,637,51400000,449,0,0.1020411265892634,0.09938050464175197,0.10425214902547021,0.033707865168539325
blossom,6690982282813981702,Blossom,2019-05-14 21:41:36,True,Amazon.com/shop/firstmediablossom,3500000,5,67100000,312,0,0.09894673611394524,0.1564337469809278,0.09137282345023058,0.00641025641025641
chunkygreek,6682021726064690182,Mikey Tsilimidos ,2019-04-20 17:15:50,False,-,3600000,1251,57400000,773,0,0.10147075310589371,0.1154890909090909,0.1252208585275458,0.004081632653061225
ericsuerez,6690023191841113093,Eric Suerez,2019-05-18 23:01:50,True,https://bit.ly/2HI7fwD,1200000,228,27100000,119,0,0.20451423145841216,0.1761125088054745,0.15338823592544304,0.008771929824561403
themrspedersen,6653811535989964806,Rachel Pedersen,2019-02-04 20:34:58,True,https://msha.ke/rachelpedersen,838100,7838,14100000,1535,0,0.10939138926732817,0.12789923586795482,0.09165318090013395,0.004230565838180857
kikakikawhat,6646868299220549638,Kikakikawhat,2019-01-15 23:45:49,False,-,61300,3,958500,68,0,0.05789237602643477,0.0580564062462743,0.0,1.0
arii,272854,arii,2015-05-19 05:00:26,True,https://trillerlive.onelink.me/C2RB/cdeffdd8,8900000,74,422000000,657,0,0.1618379008450847,0.16753608743469892,0.2774143303297658,0.004665629860031105
dipssybunny,6550311380510053391,Dipssy,2018-04-30 18:33:34,False,https://beacons.page/dipssybunny,2500000,99,38200000,333,0,0.14109898164873427,0.19376472046609644,0.1871638657952501,0.015015015015015015
katiefeeneyy,15251627,‚òÜ katie feeney ‚òÜ,2015-11-09 09:41:47,True,https://direct.me/katiefeeneyamazon,5600000,2480,409800000,3218,0,0.23575055066079295,0.19060934849426425,0.20432523290416169,0.005014102162331557
ashlenite,6782954722350957573,ashlenite,2020-01-19 18:58:04,False,beacons.page/ashlenite,439200,304,6700000,289,0,0.15985555666314025,0.1438698076923077,0.1376085053652748,0.0035842293906810036
tubi,6912823732961543173,Tubi,2021-01-01 16:08:04,True,https://tubitv.com,49200,48,489500,99,0,0.026912932741946543,0.02542080019347787,0.07225293255314436,0.050505050505050504
brianagreen11,6723187682921694214,Briana Green ,2019-08-09 07:26:36,True,-,363900,43,3700000,238,0,0.09564343988869672,0.017975705499634148,0.10318240585265813,0.01680672268907563
bgreazy,6765990633955525637,Brett Gray,2019-12-02 23:43:00,True,Http://www.youtube.com/brettgray,3000000,79,33300000,103,0,0.22806493059662175,0.14636012861736333,0.20965063496435968,0.009708737864077669
brendanxa,100510526199222272,Brendan Robert,2016-05-27 07:44:52,True,https://glnk.io/brendan,5000000,106,123400000,964,0,0.10262501836024183,0.11048080127374385,0.13190085759158698,0.010482180293501049
shlyyzz,6642097971163725830,Liza Jean ü•Ç,2019-08-12 16:06:10,False,linktr.ee/lizajean,217200,578,8900000,233,0,0.22408680857798527,0.2584990909090909,0.22151534508738263,0.004484304932735426
elianaghen,6748074590692541446,Eliana Ghen,2019-10-15 16:59:43,True,https://beacons.page/elianaghen,6200000,56,226400000,1324,0,0.2179858859588773,0.182863197212944,0.16634369808753402,0.0022675736961451248
marktilbury,6734023997601874950,Mark Tilbury - YouTuber & CEO,2020-04-19 17:41:41,True,LevelUpWithMark.com/clickhere,6500000,132,57400000,298,0,0.11366541176067027,0.03774632752349913,0.13080878057129688,0.010067114093959731
livvintonn,6772173877772321798,livvintonn,2019-12-19 15:38:18,False,-,15100,156,471700,154,0,0.09959101526310253,0.23673361174228608,0.07727189384131225,0.032467532467532464
healthygirlkitchen,6817804885497758725,Danielle Keith,2020-04-20 06:59:05,False,HealthyGirlKitchen.com/links,625200,329,6500000,266,0,0.1382152739346984,0.10292058529585116,0.1365806181308395,0.14661654135338345
jamieleroseofficial,6654609792679755782,Jamie LeRose,2019-04-27 04:44:19,False,https://youtu.be/yEpvFhkDUgc,699400,300,16200000,295,0,0.1587465878428256,0.16420031575285648,0.16231446996195517,0.09152542372881356
jjabrams2,6587441296615751686,JIPI,2019-01-13 02:28:04,False,-,4183,44,168200,8,0,0.1901461649656902,0.19128691053327457,0.09677128427128427,0.125
terrycrews,6746264168812659717,Terry Crews,2019-10-10 20:04:44,True,Instagram.com/terrycrews,16000000,40,56000000,68,0,0.12592135640288485,0.0885829268292683,0.12093068997012317,0.014705882352941176
brittany_broski,6654347804955213829,Brittany,2019-02-05 03:23:05,True,https://blacklivesmatters.carrd.co/,6200000,1265,257000000,696,0,0.2605485386264156,0.12136349931273001,0.2050137444890257,0.021875
cosplay.hacks,6614153768132296710,Avaloo,2019-01-28 19:49:08,False,-,2470,8,75500,33,0,0.06223814509552897,0.06224907061661831,0.018413082980012114,0.88
annie.fdcm.pet,6926201017592595461,user3917537667460,2021-02-06 17:20:04,False,-,237100,69,1000000,173,0,0.08609929821884893,0.21981781714858767,0.09829588134133899,0.005780346820809248
saharrooo,6638310390046572549,Sahar,2018-12-23 22:22:55,True,https://linktr.ee/Sahardahi,2900000,298,116600000,1122,0,0.20633176283065527,0.09100829610721123,0.17833119265652755,0.006635071090047393
amyywoahh,6757815847807566853,AMYYWOAHH,2019-11-18 23:45:29,False,https://youtu.be/HqnG6OFj0_g,13800000,17,586400000,1192,0,0.1782742082673695,0.14857846153846155,0.18370768978496083,0.0009216589861751152
lorengray,934514,Loren Gray,2015-06-25 03:43:54,True,https://withkoji.com/@lorengray,52500000,225,2800000000,2834,0,0.16087179427376805,0.1216584375,0.2302388846442974,0.001787629603146228
imaarin,6770193062389826565,TheAnimeGuy,2019-12-14 07:33:40,False,https://linktr.ee/Imaarin,691000,373,17600000,375,0,0.2565451261994393,0.24176333195084151,0.23872796686864328,0.07733333333333334
notbfiner,6887638426716914693,Ben Finer,2021-01-28 18:53:14,False,www.amandaplease.com,11700,65,696000,108,0,0.159296900651329,0.21595287958115184,0.1915023304081908,0.009259259259259259
